Id,ProductId,Url Identficator 1,Url Identficator 2,Url Identficator 3,Url Identficator 4,Url Identficator 5,Html Identficator 1,Html Identficator 2,Html Identficator 3,Html Identficator 4,Html Identficator 5
1,7,play.google.com/store/apps/details?id=com.softek.ofxclmobile.,,,,,id=com.softek.ofxclmobile,"NEAR((""softek"",""ofxclmobile""),2)",play.google.com/store/apps/details?id=com.softek.ofxclmobile.,,
2,30,www.w-w-i-s.com/hb,www.w-w-i-s.com/50/Default.aspx,,,,,,,,
3,50,auth/Enrollment,Terms?returnUrl=%2Fauth%2FEnrollment,auth/SignIn?wa=wsignin1.0&wtrealm,/Enrollment/EnrollmentLanding.aspx,fiservapps.com,CorillianStyles,corillian.common.css,Corillian,Corillian.AppsUI.,www.corillian.com/
4,56,Centryx/servlet/com.sos.webteller.accountaccess.LoginFrame,Centryx/servlet/com.sos.webteller.accountaccess.ForgotLogin,Centryx/servlet/com.sos.webteller.onlineforms.WebTellApp,Centryx/servlet/com.sos.webteller.accountaccess.DoLogin,,/scripts/LoginFrame.css,Centryx/servlet/com.sos.webteller.accountaccess,Centryx/servlet/com.sos.webteller.onlineforms,Centryx/servlet/com.sos.webteller.WebTellLogin,
5,61,EnrollOnline/EnrollChoice.aspx,SignOn/Logon,,,,,,,,
6,62,www.netbranch.app.fiserv.com,cunetbranch,,,,,,,,
7,68,www.ea.financial-net.com,www.financial-net.com,.virtualbranchservices.com,www.netit.financial-net.com,,www.netit.financial-net.com,,,,
8,71,play.google.com/store/apps/details?id=com.fiserv.touchbankingasp,,,,,"NEAR((""fiserv"",""touchbankingasp""),3)",,play.google.com/store/apps/details?id=com.fiserv.touchbankingasp,,
9,136,"hlm/ORCC. AND "".HomeBanking""",onlinebank.com/Home.aspx,onlinebank.com/RegistrationDisclosure.aspx,onlinebank.com/ForgotPassword.aspx,window.orccLogManager.url,App_Themes/ArchitectTheme/stylesheets/screen.css,App_Themes/Theme4/stylesheets/screen.css,"App_Themes AND ""EditMode.css""",IDS.Web.Resources.Scripts.orcc.jquery,/Banking/hlm/
10,137,"Formv50 AND ""hblogins""",Formv50,/hbloginv50/LoginFormv50.asp,"NEAR((""hbloginv50"",""Loginv50.asp""),2)",,"/CommonFiles/HBLogins/ AND ""SimpleFirstTimeLoginFormv50.asp""",,,,
11,138,play.google.com/store/apps/details?id=com.alkamitech.,,,,,,,play.google.com/store/apps/details?id=com.alkamitech.,,
12,140,"amimembernet.com AND ""login""",ami-membernet.com/login,,,,,,,,
13,141,creditunionhomebanking.com/hbv3,creditunionhomebanking.com,creditunionhomebanking.com,,,creditunionhomebanking.com/hbv3,creditunionhomebanking.com,,,
14,142,www.cu-webssl3.net/cgi-win/validate3.cmd,"NEAR((""cu-webssl4.net"",""validate""),5)",,,,,,,,
15,143,secure.pt4web.com,statements-online.com,,,,,,,,
16,145,"www.camsbycbs AND ""ibranch/internetbanking""",www.camsbycbs OR www.camsbycbs6 OR ibranch/internetbanking/main.php,cuconnections.net,www.camsbycbs2 OR www.camsbycbs5,www.camsbycbs3 OR www.camsbycbs4,,,,,
17,146,"https://hb.cmsnw.com/cu AND ""login.asp""",,,,,"NEAR((""cmsnw.com"",""Login""),5)",,,,
18,149,secure.myvirtualbranch.com,myvirtualbranch.com,secure.myvirtualbranch.com,,,,,,,
19,150,www.realtimehomebanking.com,,,,,,,,,
20,152,"https://www.cuconline.net/olb AND ""olb-login""","cuconline AND ""login""",cuconline.net/olb/,,,,,,,
21,153,securecuonline.com,www.securecuonline.com,www.cusecureonline.com,,,,,,,
22,154,.itsme247.com,,,,,,,,,
23,159,servlet/Slogin,lanxtra.com,,,,cavVersion,servlet/Slogin,,,
24,161,".homecu.net AND ""hcuLogin""",".homecu.net AND ""cuauth""",hcuLogin?cu=,,,"NEAR(("".homecu.net"", ""hcuLogin""),5)","NEAR(("".homecu.net"", ""cuauth""),5)","NEAR(("".homecu.net"", ""mindex""),5)","NEAR(("".homecu.net"", ""hb_signupfrm""),5)",
25,162,.telepc.net,,,,,,,,,
26,163,.digitalinsight.com/mw/ ,usp-core,onlineserv/HB/Signon,,,digitalinsight.com/mw/,usp-core,,,
27,164,"oasis4.espsolution.net AND ""login.aspx""","oasis4.espsolution.net AND ""mobile.aspx""",oasis4.espsolution.net,"espsolution.net OR ""oasis4""",,"NEAR((""oasis4.espsolution.net"",""login.aspx""),5)",oasis4,"Enhanced Software Products, Inc.",,
28,165,www.cue-branch.com,//www.cue-commerce.net,cue-connect,,,,,,,
29,166,.cue-orb.com,,,,,,,,,
30,167,.secure.fundsxpress.com/start,,,,,secure.fundsxpress.com/style/fxweb/,disclosures/IBA-retail.htm,"secure.fundsxpress.com AND ""fxweb"" AND ""institution""",,
31,168,.cuaccount-access.com,ibanking-services.com,,,,,,,,
32,169,"www.flexteller.net AND ""login""",,,,,"www.flexteller.net AND ""login""",,,,
33,170,hb3.intech-inc.com,,,,,,,,,
34,171,.cuview.net,User/AccessSignup/Start,user/accesssignin,User/AccessSignup/Reset,User/AccessSignup,jQuery.fn.makeAbsoluteAndPosition,,,,
35,172,login2008,cm2008,www.netteller.com,.netteller.com/cm2008/Authentication/Views/Login,airteller,/login2008/App_Themes/Default/NetTellerLayout_Other.css,,,,
36,175,"E2E/enroll OR ""E2E/enrollment.html""",AutoEnroll/enroll.html,OnlineE2E/enroll.html,AutoEnrollment/enroll.html,uux.aspx,"Standard Q2 Enrollment layout CSS OR ""Custom Q2 Enrollment layout CSS""","theme-q2 OR ""uux.aspx#/login""",Q2_VERSIONED_CUSTOMER_URL,Q2AutoEnrollment,"q2_login.js OR ""document.Q2OnlineLogin"""
37,176,mycuathome2.net,mycuathome.net,,,,,,,,
38,177,imtpol.com,,,,,,,,,
39,178,.ns3web.org,.nssecurebanking.org,,,,,,,,
40,179,,,,,,,,,,
41,180,gbs.sharetec.com,www.shareteccu.com,,,,,,,,
42,182,bsdc.sharetec.com,www.shareteccu.com,,,,,,,,
43,183,dsot.sharetec.com,www.shareteccu.com,,,,,,,,
44,187,,,,,,,,,,
45,189,.unitedsolutions.coop,,,,,,,,,
46,191,play.google.com/store/apps/details?id=air.com.creditunionhomebanking.mb,,,,,,,play.google.com/store/apps/details?id=air.com.creditunionhomebanking.mb,,
47,192,,,,,,,,,,
48,193,,,,,,,,,,
49,194,play.google.com/store/apps/details?id=air.com.pt4web.ptApp,,,,,,,play.google.com/store/apps/details?id=air.com.pt4web.ptApp,,
50,195,play.google.com/store/apps/details?id=com.malauzai.,,,,,,,play.google.com/store/apps/details?id=com.malauzai.,,
51,196,play.google.com/store/apps/details?id=com.camsbycbs.android.ib.,https://play.google.com/store/apps/details?id=com.cuconnections.,,,,,,play.google.com/store/apps/details?id=com.camsbycbs.android.ib.,https://play.google.com/store/apps/details?id=com.cuconnections.,
52,198,"https://play.google.com/store/apps/details?id= AND "".MobileBanking&hl=en""",,,,,,,"https://play.google.com/store/apps/details?id= AND "".MobileBanking&hl=en""",,
53,199,play.google.com/store/apps/details?id=com.metova.cuae.,https://play.google.com/store/apps/details?id=com.metova,,,,id=com.metova,,play.google.com/store/apps/details?id=com.metova.cuae.,https://play.google.com/store/apps/details?id=com.metova,
54,204,,,,,,,,,,
55,205,play.google.com/store/apps/details?id=com.harlandfs.ofx.mobile,,,,,,,play.google.com/store/apps/details?id=com.harlandfs.ofx.mobile,,
56,206,play.google.com/store/apps/details?id=com.ifs.banking.,play.google.com/store/apps/details?id=com.ifs.mobilebanking.,,,,,,play.google.com/store/apps/details?id=com.ifs.banking.,play.google.com/store/apps/details?id=com.ifs.mobilebanking.,
57,209,play.google.com/store/apps/details?id=com.FIMobile.,,,,,,,play.google.com/store/apps/details?id=com.FIMobile.,,
58,210,play.google.com/store/apps/details?id=com.mfoundry.mb.android.mb,,,,,,,play.google.com/store/apps/details?id=com.mfoundry.mb.android.mb,,
59,212,play.google.com/store/apps/details?id=com.cmcflex.ftmobile,,,,,,,play.google.com/store/apps/details?id=com.cmcflex.ftmobile,,
60,213,play.google.com/store/apps/details?id=com.homecu.,,,,,,,play.google.com/store/apps/details?id=com.homecu.,,
61,215,play.google.com/store/apps/details?id=com.iparse.,,,,,,,play.google.com/store/apps/details?id=com.iparse.,,
62,216,"https://play.google.com/store/apps/details?id=com.  AND "".godough""",,,,,,,"https://play.google.com/store/apps/details?id=com.  AND "".godough""",,
63,218,play.google.com/store/apps/details?id=com.jwaala.mobile.,,,,,,,play.google.com/store/apps/details?id=com.jwaala.mobile.,,
64,222,play.google.com/store/apps/details?id=com.clairmail.,play.google.com/store/apps/details?id=com.monitise.mmb.client.android.,,,,,,play.google.com/store/apps/details?id=com.clairmail.,play.google.com/store/apps/details?id=com.monitise.mmb.client.android.,
65,223,play.google.com/store/apps/details?id=com.mshift.,,,,,,,play.google.com/store/apps/details?id=com.mshift.,,
66,226,play.google.com/store/apps/details?id=com.myappengine. ,play.google.com/store/apps/details?id=com.nms.,,,,,,play.google.com/store/apps/details?id=com.myappengine. ,play.google.com/store/apps/details?id=com.nms.,
67,229,play.google.com/store/apps/details?id=com.q2e.,,,,,,,play.google.com/store/apps/details?id=com.q2e.,,
68,237,play.google.com/store/apps/details?id=com.tyfone.,,,,,,,play.google.com/store/apps/details?id=com.tyfone.,,
69,238,play.google.com/store/apps/details?id=com.Vertifi.,,,,,,,play.google.com/store/apps/details?id=com.Vertifi.,,
70,241,application-forms/checkfree-online-bill-payment,www.virtualbranchservices.com/PaymentCenter,checkfree_bill_pay.htm,checkfreeweb.com,,,,,,
71,242,.paybill.com,,,,,,,,,
72,243,.onlinebillpay-email.com,.billpaysite.com,.ipaysolutions.com,,,,,,,
73,246,www.memberpay.com,memberpay.com,,,,,,,,
74,275,.bitstatement.org,,,,,,,,,
75,315,loanspq.com/Consumer/Xpress/,"Consumer/Xpress OR ""Consumer/v2/Xpress""",app.loanspq.com/xa/xpressApp.aspx,,,ConsumerLogin1_pBenefit,"Consumer/Xpress OR ""Consumer/v2/Xpress""","/consumer/v2/login AND ""open an account""",,
76,316,andera.com,oflows.net,,,,,,,,
77,327,"https://www.camsbycbs.net AND ""-ibranch/internetbanking/mainmobi.""",,,,,,,,,
78,340,m.digitalinsight.com/mw,,,,,,,,,
79,341,".espsolution.net AND ""mobile.aspx""",,,,,,,,,
80,394,c3vault1.com,,,,,,,,,
81,418,"https://play.google.com/store/apps/details?id=com. AND "".mobilebanking.live&hl=en""",,,,,,,"https://play.google.com/store/apps/details?id=com. AND "".mobilebanking.live&hl=en""",,
82,422,.cuanswers.com/its-me-247-bill-pay-how-to-enroll,www.itsme247.com/Help/billpayp.htm,checkfree.itsme247.com,www.youtube.com/watch?v=pBSBoHJZejs,,,,,,
83,423,.cuanswers.com/its-me-247-bill-pay-how-to-enroll,www.itsme247.com/Help/billpayp.htm,,,,,,,,
84,424,.cuanswers.com/its-me-247-bill-pay-how-to-enroll,www.itsme247.com/Help/billpayp.htm,,,,,,,,
85,431,dsot.sharetec.com/m,,,,,,,,,
86,432,alert.smsservicesnow.com/Landing/PSCU,,,,,,,,,
87,439,alert.smsservicesnow.com,arcot.com/vpas/FDR_CMA,,,,,,,,
88,440,ezcardinfo.com,securelock,,,,,,,,
89,441,onlineaccessplus.com/oa,onlineaccessplus,,,,,,,,
90,447,alert.smsservicesnow.com/Landing/TMG,arcot.com/vpas/tmg,atiracredit,,,,,,,
91,451,Visa,arcot.com/vpas/pscu_vbvisa/,arcot.com/vpas/FDR_CMA_VISA/,visacreditcards,,Visa Platinum,Visa Credit Card,VisaÂ® Credit Cards,,
92,454,online1.elancard.com/oad/begin,,,,,,,,,
93,503,billpaydemo.metavante.com,,,,,,,,,
94,596,AMEX,American Express,,,,american express,,,,
95,597,Discover,,,,,Discover credit card,,,,
96,598,Mastercard,arcot.com/vpas/pscu_mc/,,,,Mastercard credit card,,,,
97,599,Visa,,,,,,,,,
98,600,Mastercard,,,,,,,,,
99,601,,,,,,,,,,
100,617,akcwebloan,Akcelerant.Lending.Webloan,,,,,,,,
101,619,/applications/open-an-account.html?step=k,/applications/open-an-account.html?page=,,,,,,,,
102,623,accountcreate.fiservapps.com,,,,,,,,,
103,626,.cmycu.com,,,,,cmycu.com,,,,
104,628,cruise.netteller.com,,,,,/Content/telerik/styles/kendoCss,,,,
105,630,play.google.com/store/apps/details?id=org.coop.,,,,,,,play.google.com/store/apps/details?id=org.coop.,,
106,631,awebteller.com,"aWeb_AgilityWeb AND ""OnlineBankingLogin""",AWeb_Valley,,,AgilityWeb.js,AWebScriptManager_HiddenField,,,
107,637,play.google.com/store/apps/details?id=com.bankjoyapp.,,,,,play.google.com/store/apps/details?id=com.bankjoyapp.,,,,
108,642,internetloanapplication.cudl.com,,,,,internetloanapplication.cudl.com,,,,
109,643,.lending360.com/AccountOpening,,,,,,,,,
110,651,ISuite5/Features,,,,,,,,,
111,655,www.loanliner.com/LoanRequest,www.loanliner,,,,,,,,
112,657,IMSIWeb/web/loan-app,,,,,,,,,
113,659,".homecu.net AND ""membership-form.html""",mbrappfrm.html,m_signupfrm.html,,,,,,,
114,660,"homecu.net/fi AND ""loan-application.html""",lnappfrm.html,"homecu.net AND ""lnappfrm.html""",,,,,,,
115,665,www.loans24.net/atl/clientSelect.do?clientID=,,,,,,,,,
116,670,webadmin.cavionplus.com/general_cu/printableApps/MembershipApplicationPrint,webadmin.cavionplus.com/general_cu/applications/individualapp,,,,,,,,
117,671,webadmin.cavionplus.com/general_cu/printableApps/LoanApplicationPrint,webadmin.cavionplus.com/general_cu/applications/loanapp.asp,,,,,,,,
118,672,Centryx/servlet/com.sos.webteller.loan.,,,,,,,,,
119,680,"https://www.mobicint.net AND ""loanapp""",,,,,,,,,
120,681,forms.fivision.com AND /oa/default.aspx,,,,,,,,,
121,682,www.joinmycu.com,,,,,joinmycu.com,,,,
122,690,NSJoin,,,,,,,,,
123,694,umnasg,umonitor.com/uopen/,showWelcome.do,,,,,,,
124,700,"www.mobicint.net AND ""login""","www.mobicint.net AND ""userEnrollment""","www.mobicint.net AND ""forgotPassword""","mobicint.net/AND ""/flextellerSplash""",,"NEAR((""mobicint.net"", ""login""),5)","NEAR((""mobicint.net"", userEnrollment),5)","NEAR((""www.mobicint.net"", ""login''""),5)",,
125,703,"www.cuopen24.com AND ""memapp.shtm""",,,,,,,,,
126,704,Centryx/servlet/com.sos.webteller.onlineforms.NewMemApp,,,,,,,,,
127,707,www.ami-membernet.com,,,,,,,,,
128,711,.echosign.com/public/esignWidget,,,,,,,,,
129,712,,,,,,,,,,
130,713,computershare.com,,,,,,,,,
131,714,computershare.com/COCC,,,,,,,,,
132,715,www.joinmycu.com,,,,,joinmycu.com,,,,
133,716,.umonitor.com/consumerloan/uLoan,,,,,,,,,
134,717,2008/unauthpoweron/poweron.aspx?,,,,,,,,,
135,718,www.mdtapps.com/apps,,,,,,,,,
136,719,Maestrolive_Web/default.aspx,,,,,,,,,
137,720,"oasis4.espsolution.net AND ""applications/membership.aspx""",,,,,,,,,
138,721,.docusign.net/Member/PowerFormSigning.aspx?PowerFormId=,,,,,,,,,
139,723,.symapp.jhahosted.com/apply/register,,,,,,,,,
140,724,.symapp.jhahosted.com,,,,,,,,,
141,728,"www.mobicint.net AND ""openAccount""",,,,,,,,,
142,729,"www.shareteccu.com/app AND ""viewapp""",,,,,,,,,
143,730,www.joinmycu.com,,,,,joinmycu.com,,,,
144,731,,,,,,,,,,
145,733,,,,,,,,,,
146,734,lending.digital-dialogue.com/NMNAApplication.aspx,NMNAApplication.aspx,.digital-dialogue.com,,,,,,,
147,740,isslsite3.com/CUApps,,,,,,,,,
148,741,.force.com,,,,,,,,,
149,742,itunes.apple.com/us/app/deposzip-mobile/id345299746,,,,,,,,,
150,743,"amimembernet.com AND ""loan-application""",loan-app.html,www.ami-membernet.com/loans,,,,,,,
151,744,play.google.com/store/apps/details?id=com.cfssolutions.,,,,,,,,,
152,745,play.google.com/store/apps/details?id=com.cachet.android.mobiledeposit.,,,,,,,,,
153,746,play.google.com/store/apps/details?id=com.cssinc.,,,,,,,play.google.com/store/apps/details?id=com.cssinc.,,
154,747,play.google.com/store/apps/details?id=com.cuinterface.,tps://play.google.com/store/apps/details?id=com.cuinterface.DpDroid,,,,,,play.google.com/store/apps/details?id=com.cuinterface.,tps://play.google.com/store/apps/details?id=com.cuinterface.DpDroid,
155,748,"lendkey.com AND ""student""",cuscholar15u,,,,lendkey.com,,,,
156,749,.studentchoice.org,,,,,,,,,
157,750,webadmin.cavionplus.com/general_cu/applications/prequalapp.asp ,,,,,,,,,
158,753,cbzsecure.com,cbzsecure.com/auth/new-user,,,,,,,,
159,754,.myaccountaccess.com,arcot.com/vpas/elan,www.securesuite.net/elan/,,,,,,,
160,762,.decisionlender.solutions,,,,,,,,,
161,768,.streamlendvelocity.net/ConsumerNet,"velocity AND ""ConsumerNet""",,,,,,,,
162,770,pcsbanking.net,,,,,,,,,
163,771,.mortgage-application.net,.mymortgage-online.com,,,,,,,,
164,772,secureinternetbank.com,secureinternetbank.com/pbi,,,,,,,,
165,773,.cusecuresite.com,,,,,,,,,
166,774,.myappro.com,,,,,,,,,
167,775,www.24x7loans.com,,,,,,,,,
168,778,mycumortgagehomeloans.com,,,,,,,,,
169,781,.lendingoutpost.com,.instantlender.com,,,,,,,,
170,787,asp.datamatic.net/login.,asp.datamatic.net/login.aspx?cu,public/sign_up.aspx,,,public/hb.css,public/sso.aspx,public/sign_up.aspx,,
171,791,dreampoints.com,,,,,,,,,
172,792,dreampoints.com,,,,,,,,,
173,793,uchooserewards.com,,,,,,,,,
174,794,bsdc.sharetec.com/m,,,,,,,,,
175,795,m.datamatic.net,,,,,,,,,
176,796,gbs.sharetec.com/m,,,,,,,,,
177,798,"https://www.cuopen24.com AND ""_loanapp.shtm""",,,,,,,,,
178,799,loans.itsme247.com,,,,,,,,,
179,800,NSLoan/loanapp,,,,,,,,,
180,801,forms.onlineaccountaccess.com/secure,,,,,,,,,
181,802,.espsolution.net/ AND Applications/loanapp.aspx,,,,,,,,,
182,803,isslsite3.com/CUApps/loanapp.php,,,,,,,,,
183,804,mortgagewebcenter.com,,,,,,,,,
184,805,.campusdoor.com,,,,,,,,,
185,806,lllcinetapp.com/FairfieldCounty/loanroute.asp,,,,,,,,,
186,807,.netteller.com/cm2008/Authentication/Views/CommercialLogin,,,,,,,,,
187,808,.force.com/getstarted?,,,,,,,,,
188,813,hb3.intech-inc.com/CU AND LA/ ,,,,,,,,,
189,814,everythingcu.com/switchkitprem,,,,,,,,,
190,816,allegrologin.com,allegrologin.com,allegrologin,,,Akcelerant.Lending.Webloan,,,,
191,818,xpress-pay.com,,,,,,,,,
192,696,,,,,,,,,,
193,695,logicfi.com,,,,,,,,,
194,819,alert.smsservicesnow.com/Landing/PSCU,pscu.com,apstp.pscu.com,arcot.com/vpas/pscu,,,,,,
195,459,alert.smsservicesnow.com/Landing/TMG,gotomycard.com,,,,,,,,
196,255,cspprod.epscu.com,,,,,,,,,
197,820,orders.mainstreetinc.com,,,,,,,,,
198,821,reorder.libertysite.com,,,,,,,,,
199,252,PayPoint,,,,,,,,,
200,254,PositivePay,,,,,,,,,
201,761,Symmetry,,,,,,,,,
202,788,mpowered,,,,,,,,,
203,256,MoveMoney,Payveris,,,,,,,,
204,247,MemberGateway,,,,,,,,,
205,258,MemberEdge,,,,,,,,,
206,410,Alloya,,,,,,,,,
207,784,mortgagehippo.com,,,,,,,,,
208,685,cportal.lendingqb.com,,,,,,,,,
209,673,doxim,,,,,,,,,
210,725,www.cutek.com,,,,,,,,,
211,825,salliemae.com/landing/smartoption,,,,,salliemae.com,,,,
212,826,.culearn.org,apps.culearn.org,apps.cology.com,,,,,,,
213,827,www.billerpayments.com,.billeriq.com,expressopay.billeriq.com/ebpp/,,,,,,,
214,828,scorecardrewards.com,,,,,,,,,
215,829,www.doxo.com/info/,,,,,,,,,
216,831,memberadvantagemortgage.com,,,,,,,,,
217,311,play.google.com/store/apps/details?id=com.vsoft.checkCapture.,,,,,,,,,
218,769,financialhost.org,/Login.aspx?cmd=Login,,,,Orpheus,,,,
219,320,/Login.aspx?cmd=Login,,,,,"https://m AND ""financialhost.org/Login.aspx""",,,,
220,375,airteller,,,,,,,,,
221,663,app.loanspq.com/apply.aspx,ws.loanspq.com/consumer/v2/login,cs.loanspq.com/Consumer/login/default.aspx,cs.loanspq.com/consumer/v2/login,,,,,,
222,450,arcot.com/vpas/tnb,,,,,,,,,
223,448,arcot.com/vpas/tfund,,,,,,,,,
224,443,arcot.com/vpas/CPS,,,,,,,,,
225,445,arcot.com/vpas/onebridge,,,,,,,,,
226,287,applications.digitalmailer.com/IMS/,clientadmin.digitalmailer,eservices.digitalmailer.com/ccc/Login.aspx?c=,,,,,,,
227,832,bytesoftware,,,,,,,,,
228,833,approvedfast,,,,,,,,,
229,250,billerweb.com,,,,,,,,,
230,333,www.cuconline.net/m/,,,,,,,,,
231,352,fi-apps,,,,,,,,,
232,834,curewards.com,,,,,,,,,
233,135,,,,,,,,,,
234,139,,,,,,/stylesheets/fonts/Alkami-font.woff,font-family: AlkamiLogos,"font-family: Alkami; OR ""font-family: Alkami;""",assets.orb.alkamitech.com,
235,157,,,,,,CubusScriptManager_HiddenField,CubusHome,Scripts/cubus.js,,
236,830,,,,,,narmitech.com/?utm_source=banking,,,,
237,151,"NEAR((""https://olb."",""login/login.aspx?new=y""),5)",,,,,/Assets/css/Stylesheet.ashx?s=base.css,,,,
238,675,,,,,,Bankjoy,,,,
239,837,.ibtapps.com/olb-xcel/Auth/,.ibtapps.com/olb-,,,,/olb-xcel/Content/Themes/Desktop/Sunny/jquery-ui.min.css,,,,
240,840,dxview.pscdataexpress.com/,pscdataexpress.com,,,,,,,,
241,759,HBNet/App/Signon/NewUserOrForgotPassword,onlineaccounts.org,,,,/HBNet/App/bundles/vendor,/HBNet/App/,/HBNetRD/App/,,
242,185,.cuview.net,User/AccessSignup/Start,user/accesssignin,User/AccessSignup/Reset,User/AccessSignup,jQuery.fn.makeAbsoluteAndPosition,,,,
243,155,.itsme247.com,,,,,,,,,
244,156,.itsme247.com,,,,,,,,,
245,173,login2008,cm2008,www.netteller.com,.netteller.com/cm2008/Authentication/Views/Login,airteller,/login2008/App_Themes/Default/NetTellerLayout_Other.css,,,,
246,181,www.shareteccu.com,,,,,,,,,
247,841,memberfirstmortgage.com,,,,,,,,,
248,842,,,,,,Online Banking by Kony,desktopweb/konywebkit.css,,,
249,843,https://wunderlender.com,,,,,,,,,
250,845,,,,,,https://tyfone.com/,tyfone,,,
251,846,cgilogon.cob,,,,,,,,,
252,186,,,,,,Terra Firma Information Technology,,,,
253,419,"https://play.google.com/store/apps/details?id=com. AND "".mobilebanking.live&hl=en""",,,,,,,"https://play.google.com/store/apps/details?id=com. AND "".mobilebanking.live&hl=en""",,
254,420,"https://play.google.com/store/apps/details?id=com. AND "".mobilebanking.live&hl=en""",,,,,,,"https://play.google.com/store/apps/details?id=com. AND "".mobilebanking.live&hl=en""",,
255,421,"https://play.google.com/store/apps/details?id=com. AND "".mobilebanking.live&hl=en""",,,,,,,"https://play.google.com/store/apps/details?id=com. AND "".mobilebanking.live&hl=en""",,
256,428,"https://play.google.com/store/apps/details?id=com. AND "".mobilebanking.live&hl=en""",,,,,,,"https://play.google.com/store/apps/details?id=com. AND "".mobilebanking.live&hl=en""",,
257,219,play.google.com/store/apps/details?id=com.softek.ofxclmobile.,,,,,id=com.softek.ofxclmobile,,play.google.com/store/apps/details?id=com.softek.ofxclmobile.,,
258,235,play.google.com/store/apps/details?id=com.softek.ofxclmobile.,,,,,id=com.softek.ofxclmobile,"NEAR((""softek"",""ofxclmobile""),2)",play.google.com/store/apps/details?id=com.softek.ofxclmobile.,,
259,211,play.google.com/store/apps/details?id=com.mfoundry.mb.android.mb,,,,,,,play.google.com/store/apps/details?id=com.mfoundry.mb.android.mb,,
260,228,play.google.com/store/apps/details?id=com.mfoundry.mb.android.mb,,,,,,,play.google.com/store/apps/details?id=com.mfoundry.mb.android.mb,,
261,847,,,,,,MX Digital Money Management Service,,,,
262,307,,,,,,Geezeo,,,,
263,318,,,,,,Popmoney,,,,
264,319,,,,,,PayPal,,,,
265,767,,,,,,MoveMoney,PayVeris,,,
266,786,,,,,,Acculynk,Payzur,,,
267,848,,,,,,Zelle,,,,
268,638,"oao AND ""financialhost.org""",,,,,,,,,
269,853,olb.nymbus.com,,,,,,,,,
270,854,https://play.google.com/store/apps/details?id=com.nymbus.,,,,,,,,,
271,882,,,,,,ngcontent-sync1-consumer-web,,,,
272,883,servlet/SmartForm.html,,,,,AvokaSmartForm,,,,
273,884,,,,,,/assets/css/quill.core.css,/assets/css/quill.snow.css,,,
274,231,https://play.google.com/store/apps/details?id=com.Sunbelt.nsconfig.alpha,,,,,https://play.google.com/store/apps/details?id=com.Sunbelt.nsconfig.alpha,,,,
275,887,,,,,,/js/bannoweb-demo.js,/js/banno-web,banno.web.browser,,
